{
    "Bye": "https://github.com/MRSHABAN40/SHABAN-MD_DATABASE/raw/refs/heads/main/autovoice/bye.mp3",
    "Good morning": "https://github.com/novaxmd/BMB-DATA/raw/refs/heads/main/media/goodmorning.mp3",
    "Good night": "https://github.com/novaxmd/BMB-DATA/raw/refs/heads/main/media/goodnight.mp3",
    "Good evening": "https://github.com/novaxmd/BMB-DATA/raw/refs/heads/main/media/goodevening.mp3",
    "Goodafternoon": "https://github.com/novaxmd/BMB-DATA/raw/refs/heads/main/media/goodafternoon.mp3",
    "Hello": "https://github.com/novaxmd/BMB-DATA/raw/refs/heads/main/media/hello.mp3",
    "Hi": "https://github.com/novaxmd/BMB-DATA/raw/refs/heads/main/media/hello.mp3",
    "Hey": "https://github.com/novaxmd/BMB-DATA/raw/refs/heads/main/media/hey.mp3",
    ".ping": "https://github.com/MRSHABAN40/SHABAN-MD_DATABASE/raw/refs/heads/main/autovoice/ping.mp3",
    ".owner": "https://github.com/MRSHABAN40/SHABAN-MD_DATABASE/raw/refs/heads/main/autovoice/owner.mp3",
    "Kaka": "https://github.com/novaxmd/BMB-DATA/raw/refs/heads/main/media/kaka.mp3",
    "Mkuu": "https://github.com/novaxmd/BMB-DATA/raw/refs/heads/main/media/mkuu.mp3",
    "Darling": "https://github.com/novaxmd/BMB-DATA/raw/refs/heads/main/media/darling.mp3"
}
