{
  "bmb": "https://github.com/bmb200/BMB-DATA/raw/refs/heads/main/sticker/mimi.webp",
  "Bye": " https://github.com/MRSHABAN40/SHABAN-MD_DATABASE/raw/refs/heads/main/Stickers/bye.webp",
  "Good night": "https://github.com/bmb200/BMB-DATA/raw/refs/heads/main/sticker/goodnight.webp",
  "Good morning": "https://github.com/bmb200/BMB-DATA/raw/refs/heads/main/sticker/good-morning.webp",
  "Hello": "https://github.com/MRSHABAN40/SHABAN-MD_DATABASE/raw/refs/heads/main/Stickers/Hi+Hello.webp",
  "hi": "https://github.com/MRSHABAN40/SHABAN-MD_DATABASE/raw/refs/heads/main/Stickers/hi.webp",
  "hey": "https://github.com/bmb200/BMB-DATA/raw/refs/heads/main/sticker/bomboclaati.webp",
}
